"","Recording_ID","Genus","Specific_epithet","Subspecies","English_name","Recordist","Country","Locality","Latitude","Longitude","Vocalization_type","Audio_file","License","Url","Quality","Time","Date"
"1","461634","Eudynamys","scolopaceus","","Asian Koel","Stephan Risch","Thailand","<U+0E15><U+0E33><U+0E1A><U+0E25> <U+0E1A><U+0E32><U+0E07><U+0E21><U+0E48><U+0E27><U+0E07>, <U+0E2D><U+0E33><U+0E40><U+0E20><U+0E2D> <U+0E15><U+0E30><U+0E01><U+0E31><U+0E48><U+0E27><U+0E1B><U+0E48><U+0E32>, <U+0E1E><U+0E31><U+0E07><U+0E07><U+0E32>","8.8445","98.2729","call","//www.xeno-canto.org/461634/download","//creativecommons.org/licenses/by-nc-sa/4.0/","https://www.xeno-canto.org/461634","no score","8:56","2019-02-21"
"2","461227","Eudynamys","scolopaceus","","Asian Koel","Stephan Risch","Thailand","Sa Khu, Amphoe Thalang, Chang Wat Phuket","8.083","98.2936","call","//www.xeno-canto.org/461227/download","//creativecommons.org/licenses/by-nc-sa/4.0/","https://www.xeno-canto.org/461227","no score","07:33","2019-03-06"
"3","446446","Eudynamys","scolopaceus","","Asian Koel","Andres Angulo ","Thailand","Lumphini Park, Bangkok, Bangkok","13.7334","100.5415","song","//www.xeno-canto.org/446446/download","//creativecommons.org/licenses/by-nc-sa/4.0/","https://www.xeno-canto.org/446446","no score","09:30","2018-10-27"
"4","467579","Eudynamys","scolopaceus","","Asian Koel","Sreekumar Chirukandoth","India","Dehradun, Dehradun, Uttarakhand","30.2816","77.9746","song","//www.xeno-canto.org/467579/download","//creativecommons.org/licenses/by-nc-sa/4.0/","https://www.xeno-canto.org/467579","A","16:00","2019-04-13"
"5","464464","Eudynamys","scolopaceus","scolopaceus","Asian Koel","Rajgopal Patil","India","Pune, Pune, Maharashtra","18.4973","73.8044","call, female","//www.xeno-canto.org/464464/download","//creativecommons.org/licenses/by-nc-sa/4.0/","https://www.xeno-canto.org/464464","A","06:06","2018-07-28"
"6","461162","Eudynamys","scolopaceus","","Asian Koel","DINABANDHU BARDALOI ","India","Mangaldoi, Darrang, Assam","26.4424","92.0389","male, song","//www.xeno-canto.org/461162/download","//creativecommons.org/licenses/by-nc-sa/4.0/","https://www.xeno-canto.org/461162","A","03:00","2019-03-11"
"7","454504","Eudynamys","scolopaceus","","Asian Koel","Sajib Biswas","Bangladesh","Chandrima Udyan (near  Dhaka), Dhaka District, Dhaka Division","23.7657","90.3766","male","//www.xeno-canto.org/454504/download","//creativecommons.org/licenses/by-nc-sa/4.0/","https://www.xeno-canto.org/454504","A","11:30","2019-01-31"
"8","453708","Eudynamys","scolopaceus","","Asian Koel","Will Sweet","Thailand","Tambon Kaeng Krachan, Amphoe Kaeng Krachan, Chang Wat Phetchaburi","12.8973","99.7246","song","//www.xeno-canto.org/453708/download","//creativecommons.org/licenses/by-nc-sa/4.0/","https://www.xeno-canto.org/453708","A","13:00","2019-01-06"
"9","450405","Eudynamys","scolopaceus","","Asian Koel","Somkiat Pakapinyo (Chai)","Thailand","Sri Nakhon Khuean Khan Park, Tambon Bang Kachao, Amphoe Phra Pradaeng, Chang Wat Samut Prakan","13.689","100.5709","song","//www.xeno-canto.org/450405/download","//creativecommons.org/licenses/by-nc-sa/4.0/","https://www.xeno-canto.org/450405","A","08:00","2018-11-13"
"10","446387","Eudynamys","scolopaceus","ss mindanensis","Asian Koel","brendan sloan","Philippines","Dinigat Island",NA,NA,"call","//www.xeno-canto.org/446387/download","//creativecommons.org/licenses/by-nc-nd/4.0/","https://www.xeno-canto.org/446387","A","08:30","2018-05-27"
"11","444228","Eudynamys","scolopaceus","scolopaceus","Asian Koel","Hemanya Radadia","India","Rajkot, Rajkot, Gujarat","22.2846","70.7642","call, female","//www.xeno-canto.org/444228/download","//creativecommons.org/licenses/by-nc-sa/4.0/","https://www.xeno-canto.org/444228","A","10:30","2018-11-25"
"12","426538","Eudynamys","scolopaceus","","Asian Koel","Peter Boesman","India","Manas National Park, Assam","26.672638","91.004331","call","//www.xeno-canto.org/426538/download","//creativecommons.org/licenses/by-nc-nd/4.0/","https://www.xeno-canto.org/426538","A","06:15","2018-04-09"
"13","426536","Eudynamys","scolopaceus","","Asian Koel","Peter Boesman","India","Nameri Eco Camp, Assam","26.925154","92.827847","song","//www.xeno-canto.org/426536/download","//creativecommons.org/licenses/by-nc-nd/4.0/","https://www.xeno-canto.org/426536","A","05:30","2018-04-07"
"14","423126","Eudynamys","scolopaceus","","Asian Koel","Hobart WQH","Malaysia","Sibu, Bahagian Sibu, Sarawak","2.3034","111.8253","call, male, song","//www.xeno-canto.org/423126/download","//creativecommons.org/licenses/by-nc-sa/4.0/","https://www.xeno-canto.org/423126","A","5:56","2018-05-20"
"15","423125","Eudynamys","scolopaceus","","Asian Koel","Hobart WQH","Malaysia","Sibu, Bahagian Sibu, Sarawak","2.3034","111.8253","call, male, song","//www.xeno-canto.org/423125/download","//creativecommons.org/licenses/by-nc-sa/4.0/","https://www.xeno-canto.org/423125","A","5:58","2018-05-20"
"16","417387","Eudynamys","scolopaceus","","Asian Koel","Tejaswini Limaye","India","Porvorim, Bardez (near  Penha de França), North Goa, Goa","15.5286","73.8357","call, song","//www.xeno-canto.org/417387/download","//creativecommons.org/licenses/by-nc-sa/4.0/","https://www.xeno-canto.org/417387","A","06:47","2016-03-08"
"17","416848","Eudynamys","scolopaceus","","Asian Koel","Sumanta P","India","Matarangi (near  Nilganj), North 24 Parganas, West Bengal","22.7601","88.4248","song","//www.xeno-canto.org/416848/download","//creativecommons.org/licenses/by-nc-sa/4.0/","https://www.xeno-canto.org/416848","A","15:30","2018-05-20"
"18","414018","Eudynamys","scolopaceus","malayanus","Asian Koel","Greg Irving","Thailand","Thai Samakkhi Village, Amphoe Wang Nam Khiao, Chang Wat Nakhon Ratchasima","14.3819","101.8782","call","//www.xeno-canto.org/414018/download","//creativecommons.org/licenses/by-nc-sa/4.0/","https://www.xeno-canto.org/414018","A","16:55","2018-05-05"
"19","412822","Eudynamys","scolopaceus","","Asian Koel","Viral Patel & Pankaj Maheria","India","Patan, Patan, Gujarat","23.8505","72.1912","call","//www.xeno-canto.org/412822/download","//creativecommons.org/licenses/by-nc-sa/4.0/","https://www.xeno-canto.org/412822","A","17:03","2018-04-25"
"20","400194","Eudynamys","scolopaceus","","Asian Koel","Antonio Xeira","India","Praia de Calangute, North Goa, Goa","15.5352","73.7621","call","//www.xeno-canto.org/400194/download","//creativecommons.org/licenses/by-nc-sa/4.0/","https://www.xeno-canto.org/400194","A","06:30","2017-12-16"
"21","400193","Eudynamys","scolopaceus","","Asian Koel","Antonio Xeira","India","Praia de Calangute, North Goa, Goa","15.5352","73.7621","call","//www.xeno-canto.org/400193/download","//creativecommons.org/licenses/by-nc-sa/4.0/","https://www.xeno-canto.org/400193","A","06:30","2017-12-16"
"22","396951","Eudynamys","scolopaceus","","Asian Koel","Werzik","Thailand","Tambon Sai Ma, Amphoe Mueang Nonthaburi, Chang Wat Nonthaburi","13.8549","100.4735","call","//www.xeno-canto.org/396951/download","//creativecommons.org/licenses/by-nc-sa/4.0/","https://www.xeno-canto.org/396951","A","18:00","2017-12-25"
"23","369205","Eudynamys","scolopaceus","","Asian Koel","Peter Boesman","India","Mysore, Mandya County, Karnataka","12.4","76.6","call","//www.xeno-canto.org/369205/download","//creativecommons.org/licenses/by-nc-nd/4.0/","https://www.xeno-canto.org/369205","A","5:45","2017-04-20"
"24","369204","Eudynamys","scolopaceus","","Asian Koel","Peter Boesman","India","Mysore, Mandya County, Karnataka","12.4","76.6","call","//www.xeno-canto.org/369204/download","//creativecommons.org/licenses/by-nc-nd/4.0/","https://www.xeno-canto.org/369204","A","5:45","2017-04-20"
"25","365421","Eudynamys","scolopaceus","","Asian Koel","Eric DeFonso","Thailand","Ko Phra Thong Island Nature Resort","9.131","98.2612","song","//www.xeno-canto.org/365421/download","//creativecommons.org/licenses/by-nc-sa/4.0/","https://www.xeno-canto.org/365421","A","06:18","2016-02-18"
"26","359319","Eudynamys","scolopaceus","","Asian Koel","Bernard BOUSQUET","Thailand","Muang Pattaya, Amphoe Bang Lamung, Chang Wat Chon Buri","12.8969","100.8777","song","//www.xeno-canto.org/359319/download","//creativecommons.org/licenses/by-nc-sa/4.0/","https://www.xeno-canto.org/359319","A","07:00","2017-01-16"
"27","359129","Eudynamys","scolopaceus","","Asian Koel","Shashikant S Naik","India","Cotarli Sanguem, South Goa, Goa","15.2132","74.1563","call, song","//www.xeno-canto.org/359129/download","//creativecommons.org/licenses/by-nc-sa/4.0/","https://www.xeno-canto.org/359129","A","08:30","2017-03-04"
"28","353944","Eudynamys","scolopaceus","","Asian Koel","Wan Iskandar Buniyamin","Malaysia","Sabah (near  Tuaran), Bahagian Pantai Barat, Sabah","6.1471","116.2058","song","//www.xeno-canto.org/353944/download","//creativecommons.org/licenses/by-nc-sa/4.0/","https://www.xeno-canto.org/353944","A","08:00","2017-02-02"
"29","332698","Eudynamys","scolopaceus","","Asian Koel","Somkiat Pakapinyo (Chai)","Thailand","Tambon Bang Kachao, Amphoe Phra Pradaeng, Chang Wat Samut Prakan","13.6969","100.5644","call","//www.xeno-canto.org/332698/download","//creativecommons.org/licenses/by-nc-sa/4.0/","https://www.xeno-canto.org/332698","A","08:00","2016-08-29"
"30","327430","Eudynamys","scolopaceus","malayanus","Asian Koel","Thijs Fijen","Thailand","Tambon Laem Phak Bia, Amphoe Ban Laem, Chang Wat Phetchaburi","13.0522","100.0856","song","//www.xeno-canto.org/327430/download","//creativecommons.org/licenses/by-nc-sa/4.0/","https://www.xeno-canto.org/327430","A","17:30","2016-02-13"
"31","323137","Eudynamys","scolopaceus","chinensis","Asian Koel","Qin Huang","China","Dongzhai - Linsghan Temple Road","31.9165","114.2253","song","//www.xeno-canto.org/323137/download","//creativecommons.org/licenses/by-nc-sa/4.0/","https://www.xeno-canto.org/323137","A","06:30","2012-06-02"
"32","314339","Eudynamys","scolopaceus","","Asian Koel","Marc Anderson","Thailand","Tambon Huai Mae Priang, Amphoe Kaeng Krachan, Chang Wat Phetchaburi","12.8116","99.5647","song","//www.xeno-canto.org/314339/download","//creativecommons.org/licenses/by-nc-nd/4.0/","https://www.xeno-canto.org/314339","A","08:30","2016-04-13"
"33","314337","Eudynamys","scolopaceus","","Asian Koel","Marc Anderson","Thailand","Tambon Huai Mae Priang, Amphoe Kaeng Krachan, Chang Wat Phetchaburi","12.8116","99.5647","song","//www.xeno-canto.org/314337/download","//creativecommons.org/licenses/by-nc-nd/4.0/","https://www.xeno-canto.org/314337","A","08:30","2016-04-13"
"34","311271","Eudynamys","scolopaceus","","Asian Koel","Peter Boesman","Sri Lanka","Kitulgala Kelani Forest reserve","6.989907","80.404582","song","//www.xeno-canto.org/311271/download","//creativecommons.org/licenses/by-nc-nd/4.0/","https://www.xeno-canto.org/311271","A","16:00","2016-03-20"
"35","309568","Eudynamys","scolopaceus","","Asian Koel","HARI MAVELIKARA","India","Venmony, Alappuzha, Kerala","9.2492","76.6392","song","//www.xeno-canto.org/309568/download","//creativecommons.org/licenses/by-nc-sa/4.0/","https://www.xeno-canto.org/309568","A","10:30","2016-03-29"
"36","307546","Eudynamys","scolopaceus","","Asian Koel","Yogesh Patel","India","Mumbai, Mumbai, Maharashtra","18.9952","72.8173","call, female","//www.xeno-canto.org/307546/download","//creativecommons.org/licenses/by-nc-sa/4.0/","https://www.xeno-canto.org/307546","A","16:30","2016-03-18"
"37","305691","Eudynamys","scolopaceus","","Asian Koel","Asiri Shanaka","Sri Lanka","Kegalle, Kegalle, Sabaragamuwa Province","7.2509","80.3487","alarm call, juvenile","//www.xeno-canto.org/305691/download","//creativecommons.org/licenses/by-nc-sa/4.0/","https://www.xeno-canto.org/305691","A","07:00","2016-03-06"
"38","301717","Eudynamys","scolopaceus","","Asian Koel","Dave Kliman","Thailand","Amphoe Mueang Chiang Mai, Chang Wat Chiang Mai","18.8095","98.9585","call, song","//www.xeno-canto.org/301717/download","//creativecommons.org/licenses/by-nc-sa/4.0/","https://www.xeno-canto.org/301717","A","07:00","2016-01-28"
"39","297676","Eudynamys","scolopaceus","","Asian Koel","Benj Smelt for MNS","Malaysia","KSNP; Kuala Selangor, Selangor","3.3402","101.2498","call","//www.xeno-canto.org/297676/download","//creativecommons.org/licenses/by-nc-sa/4.0/","https://www.xeno-canto.org/297676","A","09:30","2015-12-20"
"40","290514","Eudynamys","scolopaceus","","Asian Koel","Peter Boesman","Malaysia","Kuala Selangor, Selangor","3.338","101.241","song","//www.xeno-canto.org/290514/download","//creativecommons.org/licenses/by-nc-nd/4.0/","https://www.xeno-canto.org/290514","A","08:00","2014-06-09"
"41","290513","Eudynamys","scolopaceus","","Asian Koel","Peter Boesman","Malaysia","Kuala Selangor, Selangor","3.338","101.241","song","//www.xeno-canto.org/290513/download","//creativecommons.org/licenses/by-nc-nd/4.0/","https://www.xeno-canto.org/290513","A","08:00","2014-06-09"
"42","252829","Eudynamys","scolopaceus","","Asian Koel","Prateik Kulkarni","India","Yeoor hills, Thane, Maharashtra","19.2421","72.935","call, female","//www.xeno-canto.org/252829/download","//creativecommons.org/licenses/by-nc-sa/4.0/","https://www.xeno-canto.org/252829","A","08:31","2015-04-19"
"43","240257","Eudynamys","scolopaceus","","Asian Koel","Robin List","China","Shenzhen Shi, Guangdong Sheng","22.5381","114.0628","call","//www.xeno-canto.org/240257/download","//creativecommons.org/licenses/by-nc-sa/4.0/","https://www.xeno-canto.org/240257","A","17:30","2015-04-06"
"44","236515","Eudynamys","scolopaceus","","Asian Koel","Mandar Bhagat","India","Pale-Velsao,Goa","15.3622","73.8918","song","//www.xeno-canto.org/236515/download","//creativecommons.org/licenses/by-nc-nd/4.0/","https://www.xeno-canto.org/236515","A","07:30","2015-04-17"
"45","209025","Eudynamys","scolopaceus","","Asian Koel","Albert Lastukhin & Sergei Karpeev","India","Bardez (near  Calangute), North Goa, Goa","15.5442","73.7733","call","//www.xeno-canto.org/209025/download","//creativecommons.org/licenses/by-nc-sa/4.0/","https://www.xeno-canto.org/209025","A","06:00","2014-11-17"
"46","208590","Eudynamys","scolopaceus","scolopaceus","Asian Koel","Albert Lastukhin & Sergei Karpeev","India","Bardez (near  Calangute), North Goa, Goa","15.5442","73.7733","call, female, male","//www.xeno-canto.org/208590/download","//creativecommons.org/licenses/by-nc-sa/4.0/","https://www.xeno-canto.org/208590","A","08:00","2014-11-13"
"47","203530","Eudynamys","scolopaceus","","Asian Koel","Mandar Bhagat","India","Betki-Khandola, North Goa, Goa","15.4876","74.001","call, female, male","//www.xeno-canto.org/203530/download","//creativecommons.org/licenses/by-nc-nd/4.0/","https://www.xeno-canto.org/203530","A","17:00","2014-11-16"
"48","201538","Eudynamys","scolopaceus","","Asian Koel","Lakshminarasimha Ranganathan","India","Dehradun, Dehradun, Uttarakhand","30.2845","77.9743","call","//www.xeno-canto.org/201538/download","//creativecommons.org/licenses/by-nc-nd/4.0/","https://www.xeno-canto.org/201538","A","19:30","2014-06-24"
"49","196584","Eudynamys","scolopaceus","","Asian Koel","Frank Lambert","Indonesia","Morotai, c km3 north of Sidowa, North Maluku","2.1402","128.5654","call, male, song","//www.xeno-canto.org/196584/download","//creativecommons.org/licenses/by-nc-nd/4.0/","https://www.xeno-canto.org/196584","A","06:50","2014-09-07"
"50","196583","Eudynamys","scolopaceus","","Asian Koel","Frank Lambert","Indonesia","Morotai, c km3 north of Sidowa, North Maluku","2.1402","128.5654","call, male, song","//www.xeno-canto.org/196583/download","//creativecommons.org/licenses/by-nc-nd/4.0/","https://www.xeno-canto.org/196583","A","07:03","2014-09-07"
"51","194905","Eudynamys","scolopaceus","","Asian Koel","Marc Thibault","Indonesia","East Morotai, Morotai Island, North Maluku","2.1862","128.5764","song","//www.xeno-canto.org/194905/download","//creativecommons.org/licenses/by-nc-sa/4.0/","https://www.xeno-canto.org/194905","A","08:50","2014-07-05"
"52","194196","Eudynamys","scolopaceus","","Asian Koel","Stijn De Win","Philippines","Subic Bay, Morong, Bataan, Central Luzon","14.7655","120.2769","song","//www.xeno-canto.org/194196/download","//creativecommons.org/licenses/by-nc-sa/4.0/","https://www.xeno-canto.org/194196","A","10:00","2010-02-10"
"53","190874","Eudynamys","scolopaceus","scolopaceus","Asian Koel","Pronoy Baidya","India","Kalapet, Villupuram, Tamil Nadu","12.026","79.8492","call","//www.xeno-canto.org/190874/download","//creativecommons.org/licenses/by-nc-nd/4.0/","https://www.xeno-canto.org/190874","A","16:30","2014-08-12"
"54","190873","Eudynamys","scolopaceus","scolopaceus","Asian Koel","Pronoy Baidya","India","Kalapet, Villupuram, Tamil Nadu","12.026","79.8492","song","//www.xeno-canto.org/190873/download","//creativecommons.org/licenses/by-nc-nd/4.0/","https://www.xeno-canto.org/190873","A","18:00","2014-05-02"
"55","190308","Eudynamys","scolopaceus","","Asian Koel","Oscar Campbell","Philippines","Puerto Princesa, Palawan, MIMAROPA","9.6446","118.728","song","//www.xeno-canto.org/190308/download","//creativecommons.org/licenses/by-nc-sa/4.0/","https://www.xeno-canto.org/190308","A","06:00","2014-07-25"
"56","189420","Eudynamys","scolopaceus","","Asian Koel","Antony Schubert","India","Coimbatore, Coimbatore, Tamil Nadu","11.0036","76.9537","song","//www.xeno-canto.org/189420/download","//creativecommons.org/licenses/by-nc-sa/4.0/","https://www.xeno-canto.org/189420","A","04:00","2014-07-17"
"57","182810","Eudynamys","scolopaceus","","Asian Koel","Jim Holmes","China","Dongzhai - Linsghan Temple Road","31.9165","114.2253","song","//www.xeno-canto.org/182810/download","//creativecommons.org/licenses/by-nc-sa/4.0/","https://www.xeno-canto.org/182810","A","10:30","2014-06-17"
"58","181992","Eudynamys","scolopaceus","","Asian Koel","Marc Anderson","Sri Lanka","Yala National Park, Buttuwa, Southern Province.","6.3161","81.483","song","//www.xeno-canto.org/181992/download","//creativecommons.org/licenses/by-nc-nd/4.0/","https://www.xeno-canto.org/181992","A","08:00","2014-05-27"
"59","181991","Eudynamys","scolopaceus","","Asian Koel","Marc Anderson","Sri Lanka","Yala National Park, Buttuwa, Southern Province.","6.3161","81.483","song","//www.xeno-canto.org/181991/download","//creativecommons.org/licenses/by-nc-nd/4.0/","https://www.xeno-canto.org/181991","A","08:00","2014-05-27"
"60","179229","Eudynamys","scolopaceus","","Asian Koel","Brajesh Kumar Dubey","India","Shivpuri, Hinoo, Ranchi, Jharkhand","23.3314","85.3193","call, male, song","//www.xeno-canto.org/179229/download","//creativecommons.org/licenses/by-nc-sa/4.0/","https://www.xeno-canto.org/179229","A","03:16","2014-05-23"
"61","175830","Eudynamys","scolopaceus","","Asian Koel","Lars Buckx","Singapore","Singapore","1.3545","103.7724","call","//www.xeno-canto.org/175830/download","//creativecommons.org/licenses/by-nc-sa/4.0/","https://www.xeno-canto.org/175830","A","12:00","2014-01-02"
"62","175484","Eudynamys","scolopaceus","","Asian Koel","Tomas Carlberg","Philippines","PICOP","8.2589","126.1537","call","//www.xeno-canto.org/175484/download","//creativecommons.org/licenses/by-nc-sa/4.0/","https://www.xeno-canto.org/175484","A","07:00","2014-03-27"
"63","166251","Eudynamys","scolopaceus","","Asian Koel","Eveny Luis","India","Aldona, North Goa, Goa","15.5886","73.8765","call, song","//www.xeno-canto.org/166251/download","//creativecommons.org/licenses/by-nc-nd/3.0/","https://www.xeno-canto.org/166251","A","18:24","2014-01-22"
"64","164679","Eudynamys","scolopaceus","mindanensis","Asian Koel","Arend Wassink","Philippines","St. Paul's Subterranean national park, Palawan","10.198","118.912","call, song","//www.xeno-canto.org/164679/download","//creativecommons.org/licenses/by-nc-sa/3.0/","https://www.xeno-canto.org/164679","A","09:00","1985-04-03"
"65","162828","Eudynamys","scolopaceus","","Asian Koel","Conrad Pinto","India","Aldona, North Goa, Goa","15.5886","73.8765","call, song","//www.xeno-canto.org/162828/download","//creativecommons.org/licenses/by-nc-nd/3.0/","https://www.xeno-canto.org/162828","A","16:25","2012-10-06"
"66","162827","Eudynamys","scolopaceus","","Asian Koel","Conrad Pinto","India","Aldona, North Goa, Goa","15.5886","73.8765","call, song","//www.xeno-canto.org/162827/download","//creativecommons.org/licenses/by-nc-nd/3.0/","https://www.xeno-canto.org/162827","A","07:26","2012-10-16"
"67","161968","Eudynamys","scolopaceus","","Asian Koel","Eveny Luis","India","Aldona, North Goa, Goa","15.5886","73.8765","call, song","//www.xeno-canto.org/161968/download","//creativecommons.org/licenses/by-nc-nd/3.0/","https://www.xeno-canto.org/161968","A","08:20","2012-09-12"
"68","161431","Eudynamys","scolopaceus","","Asian Koel","Conrad Pinto","India","Aldona, North Goa, Goa","15.5886","73.8765","call, song","//www.xeno-canto.org/161431/download","//creativecommons.org/licenses/by-nc-nd/3.0/","https://www.xeno-canto.org/161431","A","08:10","2012-10-27"
"69","161199","Eudynamys","scolopaceus","","Asian Koel","Conrad Pinto","India","Aldona, North Goa, Goa","15.5886","73.8765","call, song","//www.xeno-canto.org/161199/download","//creativecommons.org/licenses/by-nc-nd/3.0/","https://www.xeno-canto.org/161199","A","09:30","2012-04-28"
"70","161198","Eudynamys","scolopaceus","","Asian Koel","Conrad Pinto","India","Aldona, North Goa, Goa","15.5886","73.8765","call, song","//www.xeno-canto.org/161198/download","//creativecommons.org/licenses/by-nc-nd/3.0/","https://www.xeno-canto.org/161198","A","07:58","2012-04-26"
"71","161197","Eudynamys","scolopaceus","","Asian Koel","Conrad Pinto","India","Aldona, North Goa, Goa","15.5886","73.8765","call, song","//www.xeno-canto.org/161197/download","//creativecommons.org/licenses/by-nc-nd/3.0/","https://www.xeno-canto.org/161197","A","07:46","2012-04-20"
"72","161195","Eudynamys","scolopaceus","","Asian Koel","Conrad Pinto","India","Aldona, North Goa, Goa","15.5886","73.8765","call, song","//www.xeno-canto.org/161195/download","//creativecommons.org/licenses/by-nc-nd/3.0/","https://www.xeno-canto.org/161195","A","18:36","2012-04-20"
"73","161194","Eudynamys","scolopaceus","","Asian Koel","Conrad Pinto","India","Aldona, North Goa, Goa","15.5886","73.8765","call, song","//www.xeno-canto.org/161194/download","//creativecommons.org/licenses/by-nc-nd/3.0/","https://www.xeno-canto.org/161194","A","15:59","2012-04-20"
"74","161192","Eudynamys","scolopaceus","","Asian Koel","Conrad Pinto","India","Aldona, North Goa, Goa","15.5886","73.8765","call","//www.xeno-canto.org/161192/download","//creativecommons.org/licenses/by-nc-nd/3.0/","https://www.xeno-canto.org/161192","A","18:37","2012-05-18"
"75","161191","Eudynamys","scolopaceus","","Asian Koel","Conrad Pinto","India","Aldona, North Goa, Goa","15.5886","73.8765","call","//www.xeno-canto.org/161191/download","//creativecommons.org/licenses/by-nc-nd/3.0/","https://www.xeno-canto.org/161191","A","16:58","2012-04-15"
"76","161189","Eudynamys","scolopaceus","","Asian Koel","Conrad Pinto","India","Aldona, North Goa, Goa","15.5886","73.8765","call","//www.xeno-canto.org/161189/download","//creativecommons.org/licenses/by-nc-nd/3.0/","https://www.xeno-canto.org/161189","A","18:28","2012-04-17"
"77","133013","Eudynamys","scolopaceus","","Asian Koel","Fernand DEROUSSEN","India","Buxa","26.7077","89.5603","song","//www.xeno-canto.org/133013/download","//creativecommons.org/licenses/by-nc-nd/3.0/","https://www.xeno-canto.org/133013","A","?","2003-04-27"
"78","113335","Eudynamys","scolopaceus","chinensis","Asian Koel","Frank Lambert","China","fields north of Changqing town, Shaanxi","33.6145","107.5433","male, song","//www.xeno-canto.org/113335/download","//creativecommons.org/licenses/by-nc-nd/4.0/","https://www.xeno-canto.org/113335","A","18:00","2012-06-23"
"79","95773","Eudynamys","scolopaceus","","Asian Koel","Sudipto Roy","India","Rabindra Sarovar, Kolkata, West Bengal","22.5116","88.3523","call","//www.xeno-canto.org/95773/download","//creativecommons.org/licenses/by-nc-nd/2.5/","https://www.xeno-canto.org/95773","A","05:30","2012-02-28"
"80","78435","Eudynamys","scolopaceus","malayanus","Asian Koel","Frank Lambert","Malaysia","Port Dixon Howes","2.53","101.805","call, song","//www.xeno-canto.org/78435/download","//creativecommons.org/licenses/by-nc-nd/4.0/","https://www.xeno-canto.org/78435","A","19:50","2011-01-27"
"81","78434","Eudynamys","scolopaceus","malayanus","Asian Koel","Frank Lambert","Malaysia","Port Dixon Howes","2.53","101.805","call","//www.xeno-canto.org/78434/download","//creativecommons.org/licenses/by-nc-nd/4.0/","https://www.xeno-canto.org/78434","A","19:50","2011-01-27"
"82","78433","Eudynamys","scolopaceus","malayanus","Asian Koel","Frank Lambert","Malaysia","Port Dixon Howes","2.53","101.805","call","//www.xeno-canto.org/78433/download","//creativecommons.org/licenses/by-nc-nd/4.0/","https://www.xeno-canto.org/78433","A","19:50","2011-01-27"
"83","78432","Eudynamys","scolopaceus","malayanus","Asian Koel","Frank Lambert","Malaysia","Port Dixon Howes","2.53","101.805","call, song","//www.xeno-canto.org/78432/download","//creativecommons.org/licenses/by-nc-nd/4.0/","https://www.xeno-canto.org/78432","A","19:50","2011-01-27"
"84","73024","Eudynamys","scolopaceus","scolopaceus","Asian Koel","Mike Nelson","India","Shapura House, Bani Park, Jaipur, Rajastan","26.928","75.793","song","//www.xeno-canto.org/73024/download","//creativecommons.org/licenses/by-nc-sa/3.0/","https://www.xeno-canto.org/73024","A","7:45am","2011-03-07"
"85","73023","Eudynamys","scolopaceus","scolopaceus","Asian Koel","Mike Nelson","India","Shapura House, Bani Park, Jaipur, Rajastan","26.928","75.793","Onomatopoeiac song, song","//www.xeno-canto.org/73023/download","//creativecommons.org/licenses/by-nc-sa/3.0/","https://www.xeno-canto.org/73023","A","7:45am","2011-03-08"
"86","73022","Eudynamys","scolopaceus","scolopaceus","Asian Koel","Mike Nelson","India","Shapura House, Bani Park, Jaipur, Rajastan","26.928","75.793","song","//www.xeno-canto.org/73022/download","//creativecommons.org/licenses/by-nc-sa/3.0/","https://www.xeno-canto.org/73022","A","7:45am","2011-03-08"
"87","38335","Eudynamys","scolopaceus","","Asian Koel","Matthias Feuersenger","Indonesia","Bali Botanical Gardens, Candikuning,  Bali","-8.2785","115.1534","song","//www.xeno-canto.org/38335/download","//creativecommons.org/licenses/by-nc-nd/2.5/","https://www.xeno-canto.org/38335","A","7:00 - 9:00","2009-08-04"
"88","35804","Eudynamys","scolopaceus","","Asian Koel","Arnold Meijer","Thailand","Khao Yai National Park, Nakhon Ratchasima","14.4387","101.3751","song","//www.xeno-canto.org/35804/download","//creativecommons.org/licenses/by-nc-nd/2.5/","https://www.xeno-canto.org/35804","A","?:?","2002-04-15"
"89","31952","Eudynamys","scolopaceus","","Asian Koel","Sharad Apte","India","Sangli, Maharashtra","16.85482","74.573479","call","//www.xeno-canto.org/31952/download","//creativecommons.org/licenses/by-nc-nd/2.5/","https://www.xeno-canto.org/31952","A","?","0000-00-00"
"90","31590","Eudynamys","scolopaceus","scolopaceus","Asian Koel","Stuart Fisher","India","Kumarakom Bird Reserve, Kerala ","9.6306","76.4212","Song","//www.xeno-canto.org/31590/download","//creativecommons.org/licenses/by-nc-nd/2.5/","https://www.xeno-canto.org/31590","A","?","2006-02-10"
"91","29594","Eudynamys","scolopaceus","","Asian Koel","Patrik Åberg","Singapore","Singapore Botanic Gardens","1.313095","103.813677","?","//www.xeno-canto.org/29594/download","//creativecommons.org/licenses/by-nc-sa/3.0/","https://www.xeno-canto.org/29594","A","?","2005-01-09"
"92","29590","Eudynamys","scolopaceus","","Asian Koel","Patrik Åberg","Thailand","Similan Island","8.632449","97.646313","?","//www.xeno-canto.org/29590/download","//creativecommons.org/licenses/by-nc-sa/3.0/","https://www.xeno-canto.org/29590","A","?","2002-12-25"
"93","27611","Eudynamys","scolopaceus","","Asian Koel","David Edwards","Cambodia","Tmat Boey, Preah Vihear Province","13.96667","104.88333","call, song","//www.xeno-canto.org/27611/download","//creativecommons.org/licenses/by-nc-nd/2.5/","https://www.xeno-canto.org/27611","A","?:?","2008-02-00"
"94","24591","Eudynamys","scolopaceus","","Asian Koel","David Edwards","Cambodia","Ang Trapeang Thmaw","13.8501","103.3167","song","//www.xeno-canto.org/24591/download","//creativecommons.org/licenses/by-nc-nd/2.5/","https://www.xeno-canto.org/24591","A","?:?","2008-02-00"
"95","24590","Eudynamys","scolopaceus","","Asian Koel","David Edwards","Cambodia","Ang Trapeang Thmaw","13.8501","103.3167","song","//www.xeno-canto.org/24590/download","//creativecommons.org/licenses/by-nc-nd/2.5/","https://www.xeno-canto.org/24590","A","?:?","2008-02-00"
"96","20267","Eudynamys","scolopaceus","scolopaceus","Asian Koel","Stuart Fisher","India","Kollam area backwaters, Kerala","8.7723","76.7089","call","//www.xeno-canto.org/20267/download","//creativecommons.org/licenses/by-nc-nd/2.5/","https://www.xeno-canto.org/20267","A","18:00","2006-02-00"
"97","19400","Eudynamys","scolopaceus","scolopaceus","Asian Koel","Stuart Fisher","India","Thiruvananthapuram, Kerala","8.4874","76.952","call, calls in flight","//www.xeno-canto.org/19400/download","//creativecommons.org/licenses/by-nc-nd/2.5/","https://www.xeno-canto.org/19400","A","06:00","2006-02-03"
"98","459285","Eudynamys","scolopaceus","","Asian Koel","Vivek Puliyeri","India","IIT Madras, Chennai, Tamil Nadu","12.9912","80.2363","call","//www.xeno-canto.org/459285/download","//creativecommons.org/licenses/by-nc-sa/4.0/","https://www.xeno-canto.org/459285","B","06:07","2019-02-27"
"99","435845","Eudynamys","scolopaceus","","Asian Koel","Sreekumar Chirukandoth","India","Chennai, Chennai, Tamil Nadu","13.0861","80.267","song","//www.xeno-canto.org/435845/download","//creativecommons.org/licenses/by-nc-sa/4.0/","https://www.xeno-canto.org/435845","B","13:30","2018-09-24"
"100","433059","Eudynamys","scolopaceus","","Asian Koel","Vivek Puliyeri","India","IIT Madras, Chennai, Tamil Nadu","12.9912","80.2363","call","//www.xeno-canto.org/433059/download","//creativecommons.org/licenses/by-nc-sa/4.0/","https://www.xeno-canto.org/433059","B","18:00","2018-09-02"
"101","433058","Eudynamys","scolopaceus","","Asian Koel","Vivek Puliyeri","India","IIT Madras, Chennai, Tamil Nadu","12.9912","80.2363","call","//www.xeno-canto.org/433058/download","//creativecommons.org/licenses/by-nc-sa/4.0/","https://www.xeno-canto.org/433058","B","17:30","2018-09-02"
"102","426537","Eudynamys","scolopaceus","","Asian Koel","Peter Boesman","India","Nameri Eco Camp, Assam","26.925154","92.827847","song","//www.xeno-canto.org/426537/download","//creativecommons.org/licenses/by-nc-nd/4.0/","https://www.xeno-canto.org/426537","B","05:30","2018-04-07"
"103","413439","Eudynamys","scolopaceus","scolopaceus","Asian Koel","Alok Tewari","India","B1A (near  New Delhi), West Delhi, Delhi","28.6281","77.0886","call, female, male, song","//www.xeno-canto.org/413439/download","//creativecommons.org/licenses/by-nc-sa/4.0/","https://www.xeno-canto.org/413439","B","10:00","2018-05-02"
"104","406132","Eudynamys","scolopaceus","","Asian Koel","Dilip KG","India","Chelamattom part, Ernakulam, Kerala","10.1369","76.4567","begging call, juvenile","//www.xeno-canto.org/406132/download","//creativecommons.org/licenses/by-nc-sa/4.0/","https://www.xeno-canto.org/406132","B","16:30","2018-03-12"
"105","393239","Eudynamys","scolopaceus","","Asian Koel","bernard Fort","India","Bommayapalayam, Villupuram, Tamil Nadu","12.0005","79.8198","song","//www.xeno-canto.org/393239/download","//creativecommons.org/licenses/by-nc-sa/4.0/","https://www.xeno-canto.org/393239","B","19:00","2016-12-28"
"106","392992","Eudynamys","scolopaceus","","Asian Koel","bernard Fort","India","Bommayapalayam, Pondicherry, Tamil Nadu","12.0012","79.8179","song","//www.xeno-canto.org/392992/download","//creativecommons.org/licenses/by-nc-sa/4.0/","https://www.xeno-canto.org/392992","B","11:30","2016-12-27"
"107","382502","Eudynamys","scolopaceus","","Asian Koel","Tan Kok Hui","Singapore","Chinese Garden","1.3964","103.9254","call","//www.xeno-canto.org/382502/download","//creativecommons.org/licenses/by-nc-sa/4.0/","https://www.xeno-canto.org/382502","B","11:39","2017-08-05"
"108","375709","Eudynamys","scolopaceus","","Asian Koel","Afzaal","Pakistan","Jand Tehsil (near  Gidran), Attock District, Punjab","33.4744","72.2364","call, male","//www.xeno-canto.org/375709/download","//creativecommons.org/licenses/by-nc-sa/4.0/","https://www.xeno-canto.org/375709","B","17:00","2017-04-25"
"109","371890","Eudynamys","scolopaceus","","Asian Koel","Lakshmikant Rajaram Neve","India","Bhusawal Railway Station","21.0484","75.789","male, song","//www.xeno-canto.org/371890/download","//creativecommons.org/licenses/by-nc-sa/4.0/","https://www.xeno-canto.org/371890","B","05:58:29","2017-05-23"
"110","369244","Eudynamys","scolopaceus","","Asian Koel","Peter Boesman","India","Ranganathittu Bird Sanctuary, Mysore, Mandya County, Karnataka","12.4258897","76.6568685","call","//www.xeno-canto.org/369244/download","//creativecommons.org/licenses/by-nc-nd/4.0/","https://www.xeno-canto.org/369244","B","17:30","2017-04-19"
"111","369203","Eudynamys","scolopaceus","","Asian Koel","Peter Boesman","India","Ranganathittu Bird Sanctuary, Mysore, Mandya County, Karnataka","12.4258897","76.6568685","call","//www.xeno-canto.org/369203/download","//creativecommons.org/licenses/by-nc-nd/4.0/","https://www.xeno-canto.org/369203","B","17:00","2017-04-19"
"112","368116","Eudynamys","scolopaceus","scolopaceus","Asian Koel","Pranad Patil","India","Singinawa Jungle Lodge, outskirts of Kanha Tiger Reserve, near Baihar, Balaghat, Madhya Pradesh","22.1105","80.5681","male, song","//www.xeno-canto.org/368116/download","//creativecommons.org/licenses/by-nc-sa/4.0/","https://www.xeno-canto.org/368116","B","06:30","2017-05-07"
"113","366843","Eudynamys","scolopaceus","","Asian Koel","JAMES DUNN","India","Hyderabad, Ranga Reddy, Telangana","17.4418","78.3446","song","//www.xeno-canto.org/366843/download","//creativecommons.org/licenses/by-nc-sa/4.0/","https://www.xeno-canto.org/366843","B","12:00","2017-04-29"
"114","364379","Eudynamys","scolopaceus","","Asian Koel","Eric DeFonso","Thailand","Pun-Pun Organic Farm, Amphoe Mae Taeng, Chang Wat Chiang Mai","19.2154","99.01","song","//www.xeno-canto.org/364379/download","//creativecommons.org/licenses/by-nc-sa/4.0/","https://www.xeno-canto.org/364379","B","07:22","2016-01-19"
"115","362353","Eudynamys","scolopaceus","","Asian Koel","Mike Dooher","Nepal","Hattisar,  Chitwan","27.5545","84.5124","call","//www.xeno-canto.org/362353/download","//creativecommons.org/licenses/by-nc-sa/4.0/","https://www.xeno-canto.org/362353","B","04:24","2016-06-15"
"116","362071","Eudynamys","scolopaceus","","Asian Koel","Albert Lastukhin","Thailand","Tambon Pran Buri, Amphoe Pran Buri, Chang Wat Prachuap Khiri Khan","12.3457","99.9495","song","//www.xeno-canto.org/362071/download","//creativecommons.org/licenses/by-nc-sa/4.0/","https://www.xeno-canto.org/362071","B","08:30","2016-02-02"
"117","362066","Eudynamys","scolopaceus","","Asian Koel","Albert Lastukhin","Thailand","Tambon Sam Roi Yot, Amphoe Sam Roi Yot, Chang Wat Prachuap Khiri Khan","12.2014","99.9921","call","//www.xeno-canto.org/362066/download","//creativecommons.org/licenses/by-nc-sa/4.0/","https://www.xeno-canto.org/362066","B","08:30","2016-01-22"
"118","349239","Eudynamys","scolopaceus","","Asian Koel","Albert Lastukhin","Philippines","Puerto Galera, Oriental Mindoro, MIMAROPA","13.4608","120.9375","call, song","//www.xeno-canto.org/349239/download","//creativecommons.org/licenses/by-nc-sa/4.0/","https://www.xeno-canto.org/349239","B","07:30","2016-10-18"
"119","349238","Eudynamys","scolopaceus","","Asian Koel","Albert Lastukhin","Philippines","Puerto Galera, Oriental Mindoro, MIMAROPA","13.4608","120.9375","call, song","//www.xeno-canto.org/349238/download","//creativecommons.org/licenses/by-nc-sa/4.0/","https://www.xeno-canto.org/349238","B","07:30","2016-10-18"
"120","347591","Eudynamys","scolopaceus","","Asian Koel","Ting-Wei, Hung","Taiwan","Shagang Ranch, Kinmen","24.4765","118.3216","song","//www.xeno-canto.org/347591/download","//creativecommons.org/licenses/by-nc-sa/4.0/","https://www.xeno-canto.org/347591","B","08:00","2016-05-11"
"121","347587","Eudynamys","scolopaceus","","Asian Koel","Ting-Wei, Hung","Taiwan","XiaXing, Kinmen","24.4423","118.4019","call","//www.xeno-canto.org/347587/download","//creativecommons.org/licenses/by-nc-sa/4.0/","https://www.xeno-canto.org/347587","B","14:30","2016-06-08"
"122","345305","Eudynamys","scolopaceus","corvina","Asian Koel","Albert Lastukhin & Yuri Glushchenko","Philippines","Puerto Galera, Oriental Mindoro, MIMAROPA","13.4608","120.9375","alarm call","//www.xeno-canto.org/345305/download","//creativecommons.org/licenses/by-nc-sa/4.0/","https://www.xeno-canto.org/345305","B","07:00","2016-10-18"
"123","345186","Eudynamys","scolopaceus","","Asian Koel","Albert Lastukhin & Yuri Glushchenko","Philippines","Puerto Galera, Oriental Mindoro, MIMAROPA","13.4608","120.9375","call","//www.xeno-canto.org/345186/download","//creativecommons.org/licenses/by-nc-sa/4.0/","https://www.xeno-canto.org/345186","B","08:00","2016-10-18"
"124","345185","Eudynamys","scolopaceus","corvina","Asian Koel","Albert Lastukhin & Yuri Glushchenko","Philippines","Puerto Galera, Oriental Mindoro, MIMAROPA","13.4608","120.9375","call","//www.xeno-canto.org/345185/download","//creativecommons.org/licenses/by-nc-sa/4.0/","https://www.xeno-canto.org/345185","B","08:00","2016-10-18"
"125","332745","Eudynamys","scolopaceus","","Asian Koel","Abhijeet Avate","India","Tolani Maritime Institute,  Induri, Pune, Maharashtra","18.7363","73.7326","begging call","//www.xeno-canto.org/332745/download","//creativecommons.org/licenses/by-nc-sa/4.0/","https://www.xeno-canto.org/332745","B","10:30","2016-08-24"
"126","331241","Eudynamys","scolopaceus","","Asian Koel","Lakshmikant Rajaram Neve","India","BTPS-Deepnagar-GANESH TEMPLE AREA:","21.0442","75.8483","call, song","//www.xeno-canto.org/331241/download","//creativecommons.org/licenses/by-nc-sa/4.0/","https://www.xeno-canto.org/331241","B","07:20","2016-08-14"
"127","325570","Eudynamys","scolopaceus","","Asian Koel","Bobby Wilcox","Thailand","Esso Station, Krabi","8.0871","98.8939","call, male","//www.xeno-canto.org/325570/download","//creativecommons.org/licenses/by-nc-sa/4.0/","https://www.xeno-canto.org/325570","B","18:30","2016-04-13"
"128","324988","Eudynamys","scolopaceus","","Asian Koel","pradeep","India","Noida, Gautam Buddh Nagar, Uttar Pradesh","28.5359","77.392","call","//www.xeno-canto.org/324988/download","//creativecommons.org/licenses/by-nc-sa/4.0/","https://www.xeno-canto.org/324988","B","10:30","2016-05-03"
"129","319736","Eudynamys","scolopaceus","","Asian Koel","brendan sloan","Malaysia","Mantanani Island Sabah",NA,NA,"call","//www.xeno-canto.org/319736/download","//creativecommons.org/licenses/by-nc-sa/4.0/","https://www.xeno-canto.org/319736","B","06:30","2016-03-20"
"130","311273","Eudynamys","scolopaceus","","Asian Koel","Peter Boesman","Sri Lanka","Kitulgala tea plantations","6.993101","80.409556","song","//www.xeno-canto.org/311273/download","//creativecommons.org/licenses/by-nc-nd/4.0/","https://www.xeno-canto.org/311273","B","17:00","2016-03-21"
"131","311272","Eudynamys","scolopaceus","","Asian Koel","Peter Boesman","Sri Lanka","Kitulgala tea plantations","6.993101","80.409556","song","//www.xeno-canto.org/311272/download","//creativecommons.org/licenses/by-nc-nd/4.0/","https://www.xeno-canto.org/311272","B","17:00","2016-03-21"
"132","311270","Eudynamys","scolopaceus","","Asian Koel","Peter Boesman","Sri Lanka","Kitulgala Kelani Forest reserve","6.989907","80.404582","song","//www.xeno-canto.org/311270/download","//creativecommons.org/licenses/by-nc-nd/4.0/","https://www.xeno-canto.org/311270","B","16:00","2016-03-20"
"133","311004","Eudynamys","scolopaceus","","Asian Koel","Heleen M","Myanmar","Pyin Oo Lwin, Pyin Oo Lwin, Mandalay Region","22.0392","96.4717","call","//www.xeno-canto.org/311004/download","//creativecommons.org/licenses/by-nc-sa/4.0/","https://www.xeno-canto.org/311004","B","15:37","2016-04-05"
"134","307545","Eudynamys","scolopaceus","","Asian Koel","Yogesh Patel","India","Mumbai, Mumbai, Maharashtra","18.9952","72.8173","song","//www.xeno-canto.org/307545/download","//creativecommons.org/licenses/by-nc-sa/4.0/","https://www.xeno-canto.org/307545","B","16:00","2016-03-18"
"135","304299","Eudynamys","scolopaceus","chinensis","Asian Koel","Qin Huang","China","Matoucun, Xin'an County, Luoyang Shi, Henan Sheng","34.7335","112.2591","female, male, song","//www.xeno-canto.org/304299/download","//creativecommons.org/licenses/by-nc-sa/4.0/","https://www.xeno-canto.org/304299","B","08:00","2012-08-19"
"136","302927","Eudynamys","scolopaceus","","Asian Koel","Peta Meyer","Thailand","Koh Lanta island","7.6286","99.0747","call","//www.xeno-canto.org/302927/download","//creativecommons.org/licenses/by-nc-sa/4.0/","https://www.xeno-canto.org/302927","B","09:00","2016-02-10"
"137","287537","Eudynamys","scolopaceus","malayanus","Asian Koel","Bruno Durand","Indonesia","Bedugul, Tabanan, Bali","-8.2719","115.1552","song","//www.xeno-canto.org/287537/download","//creativecommons.org/licenses/by-nc-sa/4.0/","https://www.xeno-canto.org/287537","B","11:00","2015-09-26"
"138","268368","Eudynamys","scolopaceus","","Asian Koel","Dilip KG","India","Chelamattom part, Ernakulam, Kerala","10.1369","76.4567","call","//www.xeno-canto.org/268368/download","//creativecommons.org/licenses/by-nc-sa/4.0/","https://www.xeno-canto.org/268368","B","07:30","2015-08-10"
"139","260248","Eudynamys","scolopaceus","","Asian Koel","Vijaykumar","India","Booluvampatti, Coimbatore, Tamil Nadu","10.9833","76.7341","song","//www.xeno-canto.org/260248/download","//creativecommons.org/licenses/by-nc-sa/4.0/","https://www.xeno-canto.org/260248","B","18:00","2015-07-11"
"140","253423","Eudynamys","scolopaceus","","Asian Koel","az dipu","Bangladesh","Narail Sadar Upazila (near  Narail), Narail, Khulna Division","23.1703","89.4967","call","//www.xeno-canto.org/253423/download","//creativecommons.org/licenses/by-nc-sa/4.0/","https://www.xeno-canto.org/253423","B","06:00","2015-05-12"
"141","241381","Eudynamys","scolopaceus","","Asian Koel","Dilip KG","India","Thiruvananthapuram, Thiruvananthapuram, Kerala","8.517","77.006","call","//www.xeno-canto.org/241381/download","//creativecommons.org/licenses/by-nc-sa/4.0/","https://www.xeno-canto.org/241381","B","16:00","2015-05-10"
"142","236353","Eudynamys","scolopaceus","","Asian Koel","Mandar Bhagat","India","Pale-Velsao,Goa","15.3622","73.8918","call, female","//www.xeno-canto.org/236353/download","//creativecommons.org/licenses/by-nc-nd/4.0/","https://www.xeno-canto.org/236353","B","07:00","2015-04-17"
"143","209210","Eudynamys","scolopaceus","","Asian Koel","Albert Lastukhin & Sergei Karpeev","India","Bardez (near  Calangute), North Goa, Goa","15.5442","73.7733","call","//www.xeno-canto.org/209210/download","//creativecommons.org/licenses/by-nc-sa/4.0/","https://www.xeno-canto.org/209210","B","06:00","2014-11-20"
"144","209209","Eudynamys","scolopaceus","","Asian Koel","Albert Lastukhin & Sergei Karpeev","India","Bardez (near  Calangute), North Goa, Goa","15.5442","73.7733","call","//www.xeno-canto.org/209209/download","//creativecommons.org/licenses/by-nc-sa/4.0/","https://www.xeno-canto.org/209209","B","06:00","2014-11-20"
"145","208905","Eudynamys","scolopaceus","","Asian Koel","Albert Lastukhin & Sergei Karpeev","India","Bardez (near  Calangute), North Goa, Goa","15.5442","73.7733","call","//www.xeno-canto.org/208905/download","//creativecommons.org/licenses/by-nc-sa/4.0/","https://www.xeno-canto.org/208905","B","08:00","2014-11-16"
"146","208774","Eudynamys","scolopaceus","","Asian Koel","Albert Lastukhin","India","Bardez (near  Calangute), North Goa, Goa","15.5442","73.7733","call","//www.xeno-canto.org/208774/download","//creativecommons.org/licenses/by-nc-sa/4.0/","https://www.xeno-canto.org/208774","B","08:00","2014-11-13"
"147","208773","Eudynamys","scolopaceus","","Asian Koel","Albert Lastukhin","India","Bardez (near  Calangute), North Goa, Goa","15.5442","73.7733","call","//www.xeno-canto.org/208773/download","//creativecommons.org/licenses/by-nc-sa/4.0/","https://www.xeno-canto.org/208773","B","08:00","2014-11-13"
"148","207166","Eudynamys","scolopaceus","scolopaceus","Asian Koel","Rajgopal Patil","India","Ramdara, Pune, Maharashtra","18.4426","74.0179","begging call","//www.xeno-canto.org/207166/download","//creativecommons.org/licenses/by-nc-sa/4.0/","https://www.xeno-canto.org/207166","B","12:55","2014-09-15"
"149","196961","Eudynamys","scolopaceus","","Asian Koel","Andrew Mascarenhas","India","Odxel, Goa","15.4542","73.8306","call","//www.xeno-canto.org/196961/download","//creativecommons.org/licenses/by-nc-sa/4.0/","https://www.xeno-canto.org/196961","B","07:30","2007-11-17"
"150","195758","Eudynamys","scolopaceus","scolopaceus","Asian Koel","Rajgopal Patil","India","Pune, Pune, Maharashtra","18.5344","73.7853","call, female","//www.xeno-canto.org/195758/download","//creativecommons.org/licenses/by-nc-sa/4.0/","https://www.xeno-canto.org/195758","B","08:50","2014-09-16"
"151","169914","Eudynamys","scolopaceus","","Asian Koel","joe","India","Pune, Pune, Maharashtra","18.5204","73.8567","call","//www.xeno-canto.org/169914/download","//creativecommons.org/licenses/by-nc-sa/3.0/","https://www.xeno-canto.org/169914","B","09:30","2014-03-15"
"152","164022","Eudynamys","scolopaceus","","Asian Koel","Tero Linjama","Sri Lanka","Sirimalwatta, Kandy, Central Province","7.2856","80.6668","song","//www.xeno-canto.org/164022/download","//creativecommons.org/licenses/by-nc-sa/3.0/","https://www.xeno-canto.org/164022","B","06:00","2013-12-02"
"153","163890","Eudynamys","scolopaceus","","Asian Koel","Albert Lastukhin","India","Bardez (near  Calangute), North Goa, Goa","15.5442","73.7733","song","//www.xeno-canto.org/163890/download","//creativecommons.org/licenses/by-nc-sa/3.0/","https://www.xeno-canto.org/163890","B","05:30","2013-12-09"
"154","163888","Eudynamys","scolopaceus","","Asian Koel","Albert Lastukhin","India","Bardez (near  Calangute), North Goa, Goa","15.5442","73.7733","song","//www.xeno-canto.org/163888/download","//creativecommons.org/licenses/by-nc-sa/3.0/","https://www.xeno-canto.org/163888","B","05:30","2013-12-01"
"155","163887","Eudynamys","scolopaceus","","Asian Koel","Albert Lastukhin","India","Bardez (near  Calangute), North Goa, Goa","15.5442","73.7733","song","//www.xeno-canto.org/163887/download","//creativecommons.org/licenses/by-nc-sa/3.0/","https://www.xeno-canto.org/163887","B","05:30","2013-12-01"
"156","115086","Eudynamys","scolopaceus","","Asian Koel","Richard Dunn","Thailand","Bangkok, Bangkok","13.7308","100.5671","call, song","//www.xeno-canto.org/115086/download","//creativecommons.org/licenses/by-nc-sa/3.0/","https://www.xeno-canto.org/115086","B","16:30","2012-11-22"
"157","105107","Eudynamys","scolopaceus","","Asian Koel","Colin Trainor","Indonesia","Mount Wasbila, Pantar Island","-8.352","124.0759","Song","//www.xeno-canto.org/105107/download","//creativecommons.org/licenses/by-nc-nd/2.5/","https://www.xeno-canto.org/105107","B","08:00","2009-12-11"
"158","105105","Eudynamys","scolopaceus","","Asian Koel","Colin Trainor","Indonesia","Mount Wasbila, Pantar Island","-8.352","124.0759","Call","//www.xeno-canto.org/105105/download","//creativecommons.org/licenses/by-nc-nd/2.5/","https://www.xeno-canto.org/105105","B","08:00","2009-12-11"
"159","105101","Eudynamys","scolopaceus","","Asian Koel","Colin Trainor","Indonesia","Mount Wasbila, Pantar Island","-8.352","124.076","Call","//www.xeno-canto.org/105101/download","//creativecommons.org/licenses/by-nc-nd/2.5/","https://www.xeno-canto.org/105101","B","08:00","2009-12-11"
"160","102909","Eudynamys","scolopaceus","","Asian Koel","Colin Trainor","Indonesia","Lewoleba, Lembata, Nusa Tenggara","-8.382","123.3859","call","//www.xeno-canto.org/102909/download","//creativecommons.org/licenses/by-nc-nd/2.5/","https://www.xeno-canto.org/102909","B","06:00","2009-11-30"
"161","102905","Eudynamys","scolopaceus","","Asian Koel","Colin Trainor","Indonesia","Lewoleba, Lembata, Nusa Tenggara","-8.382","123.3859","call","//www.xeno-canto.org/102905/download","//creativecommons.org/licenses/by-nc-nd/2.5/","https://www.xeno-canto.org/102905","B","06:00","2009-11-30"
"162","93937","Eudynamys","scolopaceus","malayanus","Asian Koel","Mike Nelson","Thailand","Samarn Bird Camp, Phetchaburi","12.811","99.563","song","//www.xeno-canto.org/93937/download","//creativecommons.org/licenses/by-nc-nd/2.5/","https://www.xeno-canto.org/93937","B","6:15am","2012-01-25"
"163","93936","Eudynamys","scolopaceus","malayanus","Asian Koel","Mike Nelson","Thailand","Samarn Bird Camp, Phetchaburi","12.811","99.563","song","//www.xeno-canto.org/93936/download","//creativecommons.org/licenses/by-nc-nd/2.5/","https://www.xeno-canto.org/93936","B","5:15am","2012-01-24"
"164","93935","Eudynamys","scolopaceus","malayanus","Asian Koel","Mike Nelson","Thailand","Pakarung Guest House, Muang Phetchaburi","13.119","99.905","call","//www.xeno-canto.org/93935/download","//creativecommons.org/licenses/by-nc-nd/2.5/","https://www.xeno-canto.org/93935","B","6:15am","2012-01-23"
"165","93934","Eudynamys","scolopaceus","malayanus","Asian Koel","Mike Nelson","Thailand","Pakarung Guest House, Muang Phetchaburi","13.119","99.905","call","//www.xeno-canto.org/93934/download","//creativecommons.org/licenses/by-nc-nd/2.5/","https://www.xeno-canto.org/93934","B","6:15am","2012-01-23"
"166","93933","Eudynamys","scolopaceus","malayanus","Asian Koel","Mike Nelson","Thailand","Pakarung Guest House, Muang Phetchaburi","13.119","99.905","song","//www.xeno-canto.org/93933/download","//creativecommons.org/licenses/by-nc-nd/2.5/","https://www.xeno-canto.org/93933","B","5:30am","2012-01-23"
"167","90127","Eudynamys","scolopaceus","","Asian Koel","Chie-Jen (Jerome) Ko","Taiwan","Sihcao Wetlands","23.0503","120.1073","song","//www.xeno-canto.org/90127/download","//creativecommons.org/licenses/by-nc-nd/2.5/","https://www.xeno-canto.org/90127","B","11:30","2007-05-05"
"168","79814","Eudynamys","scolopaceus","","Asian Koel","Frank Lambert","India","Nameri National Park, Assam","26.9498","92.7053","song","//www.xeno-canto.org/79814/download","//creativecommons.org/licenses/by-nc-nd/4.0/","https://www.xeno-canto.org/79814","B","06:00","2011-04-24"
"169","79813","Eudynamys","scolopaceus","","Asian Koel","Frank Lambert","India","Nameri National Park, Assam","26.9498","92.7053","song","//www.xeno-canto.org/79813/download","//creativecommons.org/licenses/by-nc-nd/4.0/","https://www.xeno-canto.org/79813","B","08:00","2011-04-24"
"170","68261","Eudynamys","scolopaceus","","Asian Koel","Frank Lambert","Indonesia","Siau Island","2.73","125.39","song","//www.xeno-canto.org/68261/download","//creativecommons.org/licenses/by-nc-nd/4.0/","https://www.xeno-canto.org/68261","B","?:?","1998-08-05"
"171","38334","Eudynamys","scolopaceus","","Asian Koel","Matthias Feuersenger","Indonesia","Bali Botanical Gardens, Candikuning,  Bali","-8.2785","115.1534","song","//www.xeno-canto.org/38334/download","//creativecommons.org/licenses/by-nc-nd/2.5/","https://www.xeno-canto.org/38334","B","7:00 - 9:00","2009-08-04"
"172","37974","Eudynamys","scolopaceus","","Asian Koel","Liao Xiao-dong","China","Longdong GuangZhou","23.2001","113.3501","song","//www.xeno-canto.org/37974/download","//creativecommons.org/licenses/by-nc-nd/2.5/","https://www.xeno-canto.org/37974","B","15:00","2008-06-20"
"173","37625","Eudynamys","scolopaceus","","Asian Koel","John van der Woude","Malaysia","Kuala Selangor, Selangor","3.3367","101.2439","song","//www.xeno-canto.org/37625/download","//creativecommons.org/licenses/by-nc-nd/2.5/","https://www.xeno-canto.org/37625","B","?:?","2002-03-00"
"174","37407","Eudynamys","scolopaceus","","Asian Koel","David Farrow","Pakistan","Rawalpindi","33.605791","73.042259","song","//www.xeno-canto.org/37407/download","//creativecommons.org/licenses/by-nc-sa/3.0/","https://www.xeno-canto.org/37407","B","?:?","2001-06-14"
"175","36966","Eudynamys","scolopaceus","","Asian Koel","Sander Pieterse","Malaysia","Mantanani Resort, Pulau Mantanani Besar, Sabah, Borneo ","6.7162","116.3445","call","//www.xeno-canto.org/36966/download","//creativecommons.org/licenses/by-nc-nd/2.5/","https://www.xeno-canto.org/36966","B","07:35","2009-03-30"
"176","460271","Eudynamys","scolopaceus","","Asian Koel","Peter Boesman","India","Jodhpur, Jodhpur, Rajasthan","26.269","73.0396","call","//www.xeno-canto.org/460271/download","//creativecommons.org/licenses/by-nc-nd/4.0/","https://www.xeno-canto.org/460271","C","07:00","2019-02-24"
"177","433669","Eudynamys","scolopaceus","ss .mindanensis","Asian Koel","brendan sloan","Philippines","Sibaliw Research Station Panay",NA,NA,"call","//www.xeno-canto.org/433669/download","//creativecommons.org/licenses/by-nc-sa/4.0/","https://www.xeno-canto.org/433669","C","17:30","2018-04-20"
"178","413593","Eudynamys","scolopaceus","","Asian Koel","Shin-Yao Wen","Taiwan","Jiaoxi Township, Yilan County, Taiwan Province","24.8261","121.7986","song","//www.xeno-canto.org/413593/download","//creativecommons.org/licenses/by-nc-sa/4.0/","https://www.xeno-canto.org/413593","C","10:00","2018-05-04"
"179","402084","Eudynamys","scolopaceus","","Asian Koel","Antonio Xeira","India","Calangute beach, North Goa, Goa","15.5471","73.7561","call","//www.xeno-canto.org/402084/download","//creativecommons.org/licenses/by-nc-sa/4.0/","https://www.xeno-canto.org/402084","C","15:30","2017-12-15"
"180","362851","Eudynamys","scolopaceus","","Asian Koel","Mike Dooher","Nepal","Jankholi Chitwan","27.5612","84.5189","call, male","//www.xeno-canto.org/362851/download","//creativecommons.org/licenses/by-nc-sa/4.0/","https://www.xeno-canto.org/362851","C","07:30","2017-04-04"
"181","362850","Eudynamys","scolopaceus","","Asian Koel","Mike Dooher","Nepal","Jankholi Chitwan","27.5612","84.5189","call, male","//www.xeno-canto.org/362850/download","//creativecommons.org/licenses/by-nc-sa/4.0/","https://www.xeno-canto.org/362850","C","07:30","2017-04-04"
"182","362848","Eudynamys","scolopaceus","","Asian Koel","Mike Dooher","Nepal","Jankholi Chitwan","27.5612","84.5189","call, male","//www.xeno-canto.org/362848/download","//creativecommons.org/licenses/by-nc-sa/4.0/","https://www.xeno-canto.org/362848","C","07:28","2017-04-04"
"183","362846","Eudynamys","scolopaceus","","Asian Koel","Mike Dooher","Nepal","Jankholi Chitwan","27.5612","84.5189","call, male","//www.xeno-canto.org/362846/download","//creativecommons.org/licenses/by-nc-sa/4.0/","https://www.xeno-canto.org/362846","C","07:26","2017-04-04"
"184","362845","Eudynamys","scolopaceus","","Asian Koel","Mike Dooher","Nepal","Jankholi Chitwan","27.5612","84.5189","call, male","//www.xeno-canto.org/362845/download","//creativecommons.org/licenses/by-nc-sa/4.0/","https://www.xeno-canto.org/362845","C","07:24","2017-04-17"
"185","339652","Eudynamys","scolopaceus","","Asian Koel","Lakshmikant Rajaram Neve","India","Bhusawal, Jalgaon, Maharashtra","21.0409","75.8512","( First time seen Koyal Juvenile Bird with Pair of Crows), Boys, Girls, Song fro","//www.xeno-canto.org/339652/download","//creativecommons.org/licenses/by-nc-sa/4.0/","https://www.xeno-canto.org/339652","C","07:31:54","2016-10-09"
"186","331683","Eudynamys","scolopaceus","","Asian Koel","Lakshmikant Rajaram Neve","India","Bhusawal, Jalgaon, Maharashtra","21.0437","75.8479","Common hawk cuckoo, RED VENTED, call, female, flight call, male, song","//www.xeno-canto.org/331683/download","//creativecommons.org/licenses/by-nc-sa/4.0/","https://www.xeno-canto.org/331683","C","06:03:34","2016-08-20"
"187","331680","Eudynamys","scolopaceus","","Asian Koel","Lakshmikant Rajaram Neve","India","Bhusawal, Jalgaon, Maharashtra","21.0438","75.8479","call, female, flight call, male, song","//www.xeno-canto.org/331680/download","//creativecommons.org/licenses/by-nc-sa/4.0/","https://www.xeno-canto.org/331680","C","05:51:44","2016-08-20"
"188","330496","Eudynamys","scolopaceus","scolopaceus","Asian Koel","Hugo Wieleman","Sri Lanka","Nilaveli, Trincomalee, Eastern Province","8.7055","81.1875","call, female, male","//www.xeno-canto.org/330496/download","//creativecommons.org/licenses/by-nc-sa/4.0/","https://www.xeno-canto.org/330496","C","10:30","2016-07-22"
"189","316778","Eudynamys","scolopaceus","","Asian Koel","Ershan Chen","China","<U+9F99><U+6865><U+6B65><U+884C><U+8857><U+7AD9> (near  Chengdu Shi), Sichuan Sheng","30.8178","104.0282","song","//www.xeno-canto.org/316778/download","//creativecommons.org/licenses/by-nc-sa/4.0/","https://www.xeno-canto.org/316778","C","12:30","2016-05-16"
"190","307123","Eudynamys","scolopaceus","","Asian Koel","jim samaniego","Philippines","Luzon; Laguna Province; Mt. Makiling Forest Reserve","14.15","121.232","call","//www.xeno-canto.org/307123/download","//creativecommons.org/licenses/by-nc-sa/4.0/","https://www.xeno-canto.org/307123","C","06:00","2016-03-14"
"191","267100","Eudynamys","scolopaceus","","Asian Koel","Vivek Puliyeri","India","IIT Madras, Chennai, Tamil Nadu","12.9912","80.2363","call","//www.xeno-canto.org/267100/download","//creativecommons.org/licenses/by-nc-sa/4.0/","https://www.xeno-canto.org/267100","C","16:30","2015-08-09"
"192","209026","Eudynamys","scolopaceus","","Asian Koel","Albert Lastukhin & Sergei Karpeev","India","Bardez (near  Calangute), North Goa, Goa","15.5442","73.7733","call","//www.xeno-canto.org/209026/download","//creativecommons.org/licenses/by-nc-sa/4.0/","https://www.xeno-canto.org/209026","C","06:00","2014-11-16"
"193","208899","Eudynamys","scolopaceus","","Asian Koel","Albert Lastukhin & Sergei Karpeev","India","Bardez (near  Calangute), North Goa, Goa","15.5442","73.7733","call","//www.xeno-canto.org/208899/download","//creativecommons.org/licenses/by-nc-sa/4.0/","https://www.xeno-canto.org/208899","C","08:00","2014-11-16"
"194","163891","Eudynamys","scolopaceus","","Asian Koel","Albert Lastukhin","India","Bardez (near  Calangute), North Goa, Goa","15.5442","73.7733","song","//www.xeno-canto.org/163891/download","//creativecommons.org/licenses/by-nc-sa/3.0/","https://www.xeno-canto.org/163891","C","07:30","2013-12-16"
"195","138196","Eudynamys","scolopaceus","","Asian Koel","Marc Anderson","Nepal","Chitwan National Park ","27.5334","84.3334","song","//www.xeno-canto.org/138196/download","//creativecommons.org/licenses/by-nc-sa/3.0/","https://www.xeno-canto.org/138196","C","17:00","2012-04-10"
"196","110029","Eudynamys","scolopaceus","","Asian Koel","Frank Lambert","China","Foping Nature Reserve, Qinling Mountains, Shaanxi","33.6451","107.8034","song","//www.xeno-canto.org/110029/download","//creativecommons.org/licenses/by-nc-nd/4.0/","https://www.xeno-canto.org/110029","C","05:30","2012-05-21"
"197","79134","Eudynamys","scolopaceus","","Asian Koel","Frank Lambert","India","Kaziranga National Park, Assam near park entrance","26.592","93.398","song","//www.xeno-canto.org/79134/download","//creativecommons.org/licenses/by-nc-nd/4.0/","https://www.xeno-canto.org/79134","C","07:50","2011-04-11"
"198","76182","Eudynamys","scolopaceus","","Asian Koel","vir joshi","India","Amreli, Gujarat","21.576","71.317","call","//www.xeno-canto.org/76182/download","//creativecommons.org/licenses/by-nc-nd/2.5/","https://www.xeno-canto.org/76182","C","10:00","2011-04-20"
"199","54452","Eudynamys","scolopaceus","","Asian Koel","Natalie Raeber","Nepal","Neopane","27.593","85.332","?","//www.xeno-canto.org/54452/download","//creativecommons.org/licenses/by-nc-nd/2.5/","https://www.xeno-canto.org/54452","C","07.00","2010-04-16"
"200","39445","Eudynamys","scolopaceus","scolopaceus","Asian Koel","Stuart Fisher","India","Kollam area backwaters, Kerala  ","8.7723","76.7089","call, female","//www.xeno-canto.org/39445/download","//creativecommons.org/licenses/by-nc-nd/2.5/","https://www.xeno-canto.org/39445","C","?","2006-02-00"
"201","331545","Eudynamys","scolopaceus","","Asian Koel","Lakshmikant Rajaram Neve","India","BTPS-DEEPNAGAR-500 MW TURBINE/400KV YARD ROAD:","21.0476","75.8539","song","//www.xeno-canto.org/331545/download","//creativecommons.org/licenses/by-nc-sa/4.0/","https://www.xeno-canto.org/331545","D","06:56:43","2016-08-19"
"202","283132","Eudynamys","scolopaceus","","Asian Koel","Ko Chie-Jen (Jerome)","Taiwan","Xindian District (near  Taipei), New Taipei City","24.9856","121.5311","song","//www.xeno-canto.org/283132/download","//creativecommons.org/licenses/by-nc-sa/4.0/","https://www.xeno-canto.org/283132","D","05:06","2014-06-02"
"203","163889","Eudynamys","scolopaceus","","Asian Koel","Albert Lastukhin","India","Bardez (near  Calangute), North Goa, Goa","15.5442","73.7733","call","//www.xeno-canto.org/163889/download","//creativecommons.org/licenses/by-nc-sa/3.0/","https://www.xeno-canto.org/163889","D","05:30","2013-12-06"
"204","153245","Eudynamys","scolopaceus","","Asian Koel","Sander Pieterse","Thailand","trail to Had Lek, Ko Miang, Mu Ko Similan National Park, Andaman Sea","8.5691","97.6393","call","//www.xeno-canto.org/153245/download","//creativecommons.org/licenses/by-nc-nd/3.0/","https://www.xeno-canto.org/153245","D","08:42","2012-12-20"
"205","208907","Eudynamys","scolopaceus","","Asian Koel","Albert Lastukhin & Sergei Karpeev","India","Bardez (near  Calangute), North Goa, Goa","15.5442","73.7733","call","//www.xeno-canto.org/208907/download","//creativecommons.org/licenses/by-nc-sa/4.0/","https://www.xeno-canto.org/208907","E","08:30","2014-11-16"
